P,v,twoSigma,A,length,width,depth
1.000000E+02,2.000000E+00,1.000000E-04,4.000000E-01,1.180000E-04,8.400000E-05,8.000000E-06
1.000000E+02,2.400000E+00,1.500000E-04,5.000000E-01,0.000000E+00,0.000000E+00,0.000000E+00
